{
    "Ридли Скотт": {
        "href": "/static/img/Ridley_Scott.gif",
        "professions": [
            "инженер-исследователь",
            "пилот"
        ]
    },
    "Энди Уир": {
        "href": "/static/img/Andy_Weir.png",
        "professions": [
            "строитель",
            "экзобиолог",
            "врач"
        ]
    },
    "Марк Уотни": {
        "href": "/static/img/Mark_Watnie.jpg",
        "professions": [
            "инженер по терраформированию",
            "специалист по радиационной защите"
        ]
    },
    "Венката Капур": {
        "href": "/static/img/Vencata_Capur.gif",
        "professions": [
            "астрогеолог",
            "гляциолог",
            "инженер жизнеобеспечения"
        ]
    },
    "Тедди Сандерс": {
        "href": "/static/img/Teddy Sanders.jpg",
        "professions": [
            "метеоролог",
            "оператор марсохода",
            "киберинженер"
        ]
    },
    "Шон Бин": {
        "href": "/static/img/Shon_bin.png",
        "professions": [
            "штурман",
            "пилот дронов"
        ]
    }
}